{
  "test_name": "Random Excursions Test (NIST)",
  "n": 10000000000,
  "num_cycles": 3294,
  "states_analyzed": [
    -4,
    -3,
    -2,
    -1,
    1,
    2,
    3,
    4
  ],
  "results_by_state": {
    "-4": {
      "num_cycles": 394,
      "mean_visits": 8.52284263959391,
      "expected_visits": 0.125,
      "chi2": 18776.854242204496,
      "p_value": 0.0
    },
    "-3": {
      "num_cycles": 524,
      "mean_visits": 6.072519083969466,
      "expected_visits": 0.16666666666666666,
      "chi2": 13048.90687022901,
      "p_value": 0.0
    },
    "-2": {
      "num_cycles": 802,
      "mean_visits": 3.8977556109725686,
      "expected_visits": 0.25,
      "chi2": 6630.166251039069,
      "p_value": 0.0
    },
    "-1": {
      "num_cycles": 1620,
      "mean_visits": 1.9734567901234568,
      "expected_visits": 0.5,
      "chi2": 1620.3160493827163,
      "p_value": 0.0
    },
    "1": {
      "num_cycles": 1674,
      "mean_visits": 1.9970131421744326,
      "expected_visits": 0.5,
      "chi2": 1675.3811230585425,
      "p_value": 0.0
    },
    "2": {
      "num_cycles": 855,
      "mean_visits": 3.913450292397661,
      "expected_visits": 0.25,
      "chi2": 6867.410916179338,
      "p_value": 0.0
    },
    "3": {
      "num_cycles": 558,
      "mean_visits": 5.883512544802867,
      "expected_visits": 0.16666666666666666,
      "chi2": 13677.096774193547,
      "p_value": 0.0
    },
    "4": {
      "num_cycles": 415,
      "mean_visits": 7.643373493975903,
      "expected_visits": 0.125,
      "chi2": 20185.619621342514,
      "p_value": 0.0
    }
  },
  "p_value": 0.0,
  "status": "completed",
  "interpretation": "Random Excursions test FAILED with p-value 0.000000",
  "execution_time": 988.9109988212585,
  "step_id": "13",
  "step_name": "Random Excursions Test (NIST)",
  "timestamp": "2026-01-07T01:16:49.718308"
}