{
  "test_name": "Random Excursions Variant Test (NIST)",
  "n": 10000000000,
  "n_total_steps": 10000000,
  "states_analyzed": [
    -9,
    -8,
    -7,
    -6,
    -5,
    -4,
    -3,
    -2,
    -1,
    1,
    2,
    3,
    4,
    5,
    6,
    7,
    8,
    9
  ],
  "results_by_state": {
    "-9": {
      "observed": 4287,
      "expected": 555555.5555555555,
      "chi2": 547014.6366197555,
      "p_value": 0.0
    },
    "-8": {
      "observed": 4261,
      "expected": 625000.0,
      "chi2": 616507.0497936,
      "p_value": 0.0
    },
    "-7": {
      "observed": 4229,
      "expected": 714285.7142857143,
      "chi2": 705852.7525031143,
      "p_value": 0.0
    },
    "-6": {
      "observed": 4295,
      "expected": 833333.3333333334,
      "chi2": 824765.4697633334,
      "p_value": 0.0
    },
    "-5": {
      "observed": 4291,
      "expected": 1000000.0,
      "chi2": 991436.412681,
      "p_value": 0.0
    },
    "-4": {
      "observed": 4157,
      "expected": 1250000.0,
      "chi2": 1241699.8245192,
      "p_value": 0.0
    },
    "-3": {
      "observed": 4119,
      "expected": 1666666.6666666667,
      "chi2": 1658438.8463632667,
      "p_value": 0.0
    },
    "-2": {
      "observed": 4095,
      "expected": 2500000.0,
      "chi2": 2491816.70761,
      "p_value": 0.0
    },
    "-1": {
      "observed": 4019,
      "expected": 5000000.0,
      "chi2": 4991965.2304722,
      "p_value": 0.0
    },
    "1": {
      "observed": 4197,
      "expected": 5000000.0,
      "chi2": 4991609.5229618,
      "p_value": 0.0
    },
    "2": {
      "observed": 4309,
      "expected": 2500000.0,
      "chi2": 2491389.4269924,
      "p_value": 0.0
    },
    "3": {
      "observed": 4329,
      "expected": 1666666.6666666667,
      "chi2": 1658019.9108112666,
      "p_value": 0.0
    },
    "4": {
      "observed": 4266,
      "expected": 1250000.0,
      "chi2": 1241482.5590048,
      "p_value": 0.0
    },
    "5": {
      "observed": 4374,
      "expected": 1000000.0,
      "chi2": 991271.131876,
      "p_value": 0.0
    },
    "6": {
      "observed": 4487,
      "expected": 833333.3333333334,
      "chi2": 824383.4931361334,
      "p_value": 0.0
    },
    "7": {
      "observed": 4578,
      "expected": 714285.7142857143,
      "chi2": 705159.0556033143,
      "p_value": 0.0
    },
    "8": {
      "observed": 4823,
      "expected": 625000.0,
      "chi2": 615391.2181264,
      "p_value": 0.0
    },
    "9": {
      "observed": 4907,
      "expected": 555555.5555555555,
      "chi2": 545784.8971237554,
      "p_value": 0.0
    }
  },
  "p_value": 0.0,
  "status": "completed",
  "interpretation": "Random Excursions Variant test FAILED with p-value 0.000000",
  "execution_time": 934.8695986270905,
  "step_id": "14",
  "step_name": "Random Excursions Variant (NIST)",
  "timestamp": "2026-01-07T01:32:24.616037"
}