{
  "test_name": "Non-overlapping Template Matching Test (NIST)",
  "n": 10000000000,
  "m": 9,
  "num_templates": 5,
  "results_by_template": {
    "0": {
      "template": [
        0,
        1,
        0,
        0,
        0,
        1,
        0,
        0,
        0
      ],
      "num_matches": 18303,
      "expected": 19230.76923076923,
      "chi2": 44.759298769230746,
      "p_value": 2.2280621791992417e-11
    },
    "1": {
      "template": [
        1,
        0,
        0,
        0,
        0,
        1,
        0,
        1,
        1
      ],
      "num_matches": 19259,
      "expected": 19230.76923076923,
      "chi2": 0.04144276923077005,
      "p_value": 0.8386856529993042
    },
    "2": {
      "template": [
        1,
        0,
        1,
        0,
        1,
        1,
        1,
        1,
        1
      ],
      "num_matches": 19511,
      "expected": 19230.76923076923,
      "chi2": 4.083522769230777,
      "p_value": 0.043303288196199996
    },
    "3": {
      "template": [
        1,
        1,
        1,
        0,
        0,
        1,
        1,
        1,
        0
      ],
      "num_matches": 19008,
      "expected": 19230.76923076923,
      "chi2": 2.580558769230763,
      "p_value": 0.1081834668742272
    },
    "4": {
      "template": [
        1,
        0,
        0,
        0,
        0,
        0,
        1,
        1,
        1
      ],
      "num_matches": 19510,
      "expected": 19230.76923076923,
      "chi2": 4.054430769230778,
      "p_value": 0.04405556966715818
    }
  },
  "p_value": 2.2280621791992417e-11,
  "status": "completed",
  "interpretation": "Non-overlapping Template test FAILED with p-value 0.000000",
  "execution_time": 1728.0010030269623,
  "step_id": "16",
  "step_name": "Non-overlapping Template (NIST)",
  "timestamp": "2026-01-07T02:25:01.350006"
}