{
  "test_name": "Overlapping Template Matching Test (NIST)",
  "n": 10000000000,
  "m": 9,
  "num_templates": 5,
  "results_by_template": {
    "0": {
      "template": [
        0,
        0,
        1,
        1,
        1,
        0,
        0,
        1,
        1
      ],
      "num_matches": 19572,
      "expected": 19531.234375,
      "chi2": 0.08508608056886445,
      "p_value": 0.770519691520401
    },
    "1": {
      "template": [
        1,
        1,
        0,
        0,
        0,
        1,
        0,
        1,
        1
      ],
      "num_matches": 19496,
      "expected": 19531.234375,
      "chi2": 0.06356286335029068,
      "p_value": 0.8009508116031161
    },
    "2": {
      "template": [
        0,
        1,
        1,
        1,
        1,
        1,
        0,
        1,
        0
      ],
      "num_matches": 19514,
      "expected": 19531.234375,
      "chi2": 0.015207624666099732,
      "p_value": 0.9018543388325146
    },
    "3": {
      "template": [
        1,
        1,
        0,
        0,
        0,
        1,
        0,
        0,
        0
      ],
      "num_matches": 19562,
      "expected": 19531.234375,
      "chi2": 0.04846205126964102,
      "p_value": 0.8257613597791258
    },
    "4": {
      "template": [
        1,
        0,
        0,
        0,
        0,
        1,
        0,
        0,
        0
      ],
      "num_matches": 19512,
      "expected": 19531.234375,
      "chi2": 0.018942027653622122,
      "p_value": 0.8905328136987049
    }
  },
  "p_value": 0.770519691520401,
  "status": "completed",
  "interpretation": "Overlapping Template test PASSED with p-value 0.770520",
  "execution_time": 1596.2079961299896,
  "step_id": "17",
  "step_name": "Overlapping Template (NIST)",
  "timestamp": "2026-01-07T02:51:37.584686"
}