{
  "test_name": "Random Excursions Test (NIST)",
  "n": 100000,
  "num_cycles": 709,
  "states_analyzed": [
    -4,
    -3,
    -2,
    -1,
    1,
    2,
    3,
    4
  ],
  "results_by_state": {
    "-4": {
      "num_cycles": 74,
      "mean_visits": 7.135135135135135,
      "expected_visits": 0.125,
      "chi2": 3373.5984555984555,
      "p_value": 0.0
    },
    "-3": {
      "num_cycles": 99,
      "mean_visits": 5.717171717171717,
      "expected_visits": 0.16666666666666666,
      "chi2": 2254.527272727273,
      "p_value": 0.0
    },
    "-2": {
      "num_cycles": 159,
      "mean_visits": 3.591194968553459,
      "expected_visits": 0.25,
      "chi2": 1257.083857442348,
      "p_value": 0.0
    },
    "-1": {
      "num_cycles": 345,
      "mean_visits": 1.8434782608695652,
      "expected_visits": 0.5,
      "chi2": 349.2260869565217,
      "p_value": 0.0
    },
    "1": {
      "num_cycles": 364,
      "mean_visits": 1.9835164835164836,
      "expected_visits": 0.5,
      "chi2": 364.79120879120876,
      "p_value": 0.0
    },
    "2": {
      "num_cycles": 188,
      "mean_visits": 3.643617021276596,
      "expected_visits": 0.25,
      "chi2": 1462.836879432624,
      "p_value": 0.0
    },
    "3": {
      "num_cycles": 116,
      "mean_visits": 5.568965517241379,
      "expected_visits": 0.16666666666666666,
      "chi2": 2884.662068965517,
      "p_value": 0.0
    },
    "4": {
      "num_cycles": 90,
      "mean_visits": 7.011111111111111,
      "expected_visits": 0.125,
      "chi2": 4037.288888888889,
      "p_value": 0.0
    }
  },
  "p_value": 0.0,
  "status": "completed",
  "interpretation": "Random Excursions test FAILED with p-value 0.000000",
  "execution_time": 0.020982742309570312,
  "step_id": "13",
  "step_name": "Random Excursions Test (NIST)",
  "timestamp": "2026-01-05T23:54:17.063777"
}