{
  "test_name": "Random Excursions Variant Test (NIST)",
  "n": 100000,
  "n_total_steps": 100000,
  "states_analyzed": [
    -9,
    -8,
    -7,
    -6,
    -5,
    -4,
    -3,
    -2,
    -1,
    1,
    2,
    3,
    4,
    5,
    6,
    7,
    8,
    9
  ],
  "results_by_state": {
    "-9": {
      "observed": 424,
      "expected": 5555.555555555556,
      "chi2": 4739.915235555555,
      "p_value": 0.0
    },
    "-8": {
      "observed": 424,
      "expected": 6250.0,
      "chi2": 5430.76416,
      "p_value": 0.0
    },
    "-7": {
      "observed": 419,
      "expected": 7142.857142857143,
      "chi2": 6329.435682857144,
      "p_value": 0.0
    },
    "-6": {
      "observed": 408,
      "expected": 8333.333333333334,
      "chi2": 7537.309013333334,
      "p_value": 0.0
    },
    "-5": {
      "observed": 437,
      "expected": 10000.0,
      "chi2": 9145.0969,
      "p_value": 0.0
    },
    "-4": {
      "observed": 528,
      "expected": 12500.0,
      "chi2": 11466.30272,
      "p_value": 0.0
    },
    "-3": {
      "observed": 566,
      "expected": 16666.666666666668,
      "chi2": 15553.88802666667,
      "p_value": 0.0
    },
    "-2": {
      "observed": 571,
      "expected": 25000.0,
      "chi2": 23871.04164,
      "p_value": 0.0
    },
    "-1": {
      "observed": 636,
      "expected": 50000.0,
      "chi2": 48736.08992,
      "p_value": 0.0
    },
    "1": {
      "observed": 722,
      "expected": 50000.0,
      "chi2": 48566.42568,
      "p_value": 0.0
    },
    "2": {
      "observed": 685,
      "expected": 25000.0,
      "chi2": 23648.769,
      "p_value": 0.0
    },
    "3": {
      "observed": 646,
      "expected": 16666.666666666668,
      "chi2": 15399.705626666668,
      "p_value": 0.0
    },
    "4": {
      "observed": 631,
      "expected": 12500.0,
      "chi2": 11269.85288,
      "p_value": 0.0
    },
    "5": {
      "observed": 612,
      "expected": 10000.0,
      "chi2": 8813.4544,
      "p_value": 0.0
    },
    "6": {
      "observed": 602,
      "expected": 8333.333333333334,
      "chi2": 7172.821813333334,
      "p_value": 0.0
    },
    "7": {
      "observed": 610,
      "expected": 7142.857142857143,
      "chi2": 5974.951142857143,
      "p_value": 0.0
    },
    "8": {
      "observed": 620,
      "expected": 6250.0,
      "chi2": 5071.504,
      "p_value": 0.0
    },
    "9": {
      "observed": 602,
      "expected": 5555.555555555556,
      "chi2": 4416.788275555556,
      "p_value": 0.0
    }
  },
  "p_value": 0.0,
  "status": "completed",
  "interpretation": "Random Excursions Variant test FAILED with p-value 0.000000",
  "execution_time": 0.04203677177429199,
  "step_id": "14",
  "step_name": "Random Excursions Variant (NIST)",
  "timestamp": "2026-01-05T23:54:17.149826"
}