{
  "test_name": "Overlapping Template Matching Test (NIST)",
  "n": 100000,
  "m": 9,
  "num_templates": 5,
  "results_by_template": {
    "0": {
      "template": [
        0,
        0,
        1,
        1,
        1,
        0,
        0,
        1,
        1
      ],
      "num_matches": 216,
      "expected": 195.296875,
      "chi2": 2.1947068265461236,
      "p_value": 0.1384855557333733
    },
    "1": {
      "template": [
        1,
        1,
        0,
        0,
        0,
        1,
        0,
        1,
        1
      ],
      "num_matches": 220,
      "expected": 195.296875,
      "chi2": 3.1247012260980878,
      "p_value": 0.07711400640484678
    },
    "2": {
      "template": [
        0,
        1,
        1,
        1,
        1,
        1,
        0,
        1,
        0
      ],
      "num_matches": 194,
      "expected": 195.296875,
      "chi2": 0.008611938955116409,
      "p_value": 0.9260620274382779
    },
    "3": {
      "template": [
        1,
        1,
        0,
        0,
        0,
        1,
        0,
        0,
        0
      ],
      "num_matches": 180,
      "expected": 195.296875,
      "chi2": 1.1981471017681415,
      "p_value": 0.2736923276753418
    },
    "4": {
      "template": [
        1,
        0,
        0,
        0,
        0,
        1,
        0,
        0,
        0
      ],
      "num_matches": 205,
      "expected": 195.296875,
      "chi2": 0.4820898171853748,
      "p_value": 0.48747723714140734
    }
  },
  "p_value": 0.07711400640484678,
  "status": "completed",
  "interpretation": "Overlapping Template test PASSED with p-value 0.077114",
  "execution_time": 0.9906396865844727,
  "step_id": "17",
  "step_name": "Overlapping Template (NIST)",
  "timestamp": "2026-01-05T23:54:19.259625"
}